{"cameraMode":{"drawMode":0,"name":"Shaded","section":"Shading Mode"},"sceneLighting":false,"audioPlay":false,"sceneViewState":{"showFog":true,"showMaterialUpdate":false,"showSkybox":true,"showFlares":true,"showImageEffects":true,"showParticleSystems":true},"in2DMode":false,"pivot":{"x":5.960464477539063e-8,"y":0.8463828563690186,"z":-0.05393040180206299},"rotation":{"x":0.08360119163990021,"y":0.26032716035842898,"z":-0.022597650066018106,"w":0.9617435932159424},"size":3.982867956161499,"orthographic":false}